Filter by:,Filter by:
All,All
News,News
Events,Events
Read more ..,Read more ..
Load More,Load More
events,events
More Info,More Info
Back to News & Events,Back to News & Events
SHARE THIS PAGE,SHARE THIS PAGE
Sorry. The Post isn't available for current store.,Sorry. The Post isn't available for current store.
Home,Home
Go to Home Page,Go to Home Page
Discover,Discover
News & Events,News & Events
,
,
Add New Post,Add New Post
ID,ID
From,From
To,To
Title,Title
URL key,URL key
Created,Created
Delete,Delete
Disable,Disable
Enable,Enable
Type,Type
Status,Status
Store View,Store View
Action,Action
New Post,New Post
Post Information,Post Information
General Information,General Information
Post Title,Post Title
Image,Image
Author,Author
Start Time,Start Time
End Time,End Time
Content,Content
Save,Save
Please select item(s).,Please select item(s).
,
Blog Posts,Blog Posts
Manage Blog Posts,Manage Blog Posts
Events Blog Posts,Events Blog Posts
Blog,Blog
New Blog Post,New Blog Post
The post has been deleted.,The post has been deleted.
We can't find a post to delete.,We can't find a post to delete.
A total of %1 record(s) have been deleted .,A total of %1 record(s) have been deleted .
A total of %1 record(s) have been disabled .,A total of %1 record(s) have been disabled .
A total of %1 record(s) have been enabled .,A total of %1 record(s) have been enabled .
Could not save the Post: %1,Could not save the Post: %1
Post with id %1 does not exist.,Post with id %1 does not exist.
Could not delete the Post: %1,Could not delete the Post: %1
